{
  "carPaint": {
    "color": "#FFFFFFFF",
    "flakes": 0.777,
    "enabled": false
  },
  "carpet": {
    "enabled": false,
    "colors": [
      "#FFFFFF"
    ]
  },
  "leather1": {
    "enabled": false,
    "colors": [
      "#FFFFFF"
    ]
  },
  "leather2": {
    "enabled": false,
    "colors": [
      "#FFFFFF"
    ]
  },
  "leatherColored": {
    "enabled": false,
    "colors": [
      "#FFFFFF"
    ]
  },
  "licensePlate": {
    "style": "Europe"
  },
  "windows": {
    "alpha": 0.0,
    "enabled": true,
    "colors": [
      "#000000"
    ]
  }
}