{
  "carPaint": {
    "color": "#FFFFFFFF",
    "flakes": 0.777,
    "enabled": false
  },
  "carpet": {
    "enabled": false,
    "colors": [
      "#FFFFFF"
    ]
  },
  "leather1": {
    "enabled": false,
    "colors": [
      "#FFFFFF"
    ]
  },
  "leather2": {
    "enabled": false,
    "colors": [
      "#FFFFFF"
    ]
  },
  "leatherColored": {
    "enabled": false,
    "colors": [
      "#FFFFFF"
    ]
  },
  "licensePlate": {
    "style": "New Russia",
    "paramStyle": "With Flag",
    "paramPrefix": "X",
    "paramPostfix": "YE",
    "paramNumber": "57",
    "paramRegion": "77"
  },
  "windows": {
    "alpha": 0.23,
    "enabled": false,
    "colors": [
      "#293437"
    ]
  }
}