{
  "carPaint": {
    "color": "#FFFFFFFF",
    "flakes": 0.777,
    "enabled": false
  },
  "carpet": {
    "enabled": false,
    "colors": [
      "#FFFFFF"
    ]
  },
  "leather1": {
    "enabled": false,
    "colors": [
      "#FFFFFF"
    ]
  },
  "leather2": {
    "enabled": false,
    "colors": [
      "#FFFFFF"
    ]
  },
  "leatherColored": {
    "enabled": false,
    "colors": [
      "#FFFFFF"
    ]
  },
  "licensePlate": {
    "style": "Russia",
    "paramPrefix": "e",
    "paramPostfix": "eo",
    "paramNumber": "777",
    "paramRegion": "77"
  },
  "windows": {
    "alpha": 0.0,
    "enabled": false,
    "colors": [
      "#D4F0F7"
    ]
  }
}