{
  "carPaint": {
    "color": "#FFFFFFFF",
    "flakes": 0.647,
    "enabled": true
  },
  "carpet": {
    "enabled": false,
    "colors": [
      "#FFFFFF"
    ]
  },
  "leather1": {
    "enabled": false,
    "colors": [
      "#FFFFFF"
    ]
  },
  "leather2": {
    "enabled": false,
    "colors": [
      "#FFFFFF"
    ]
  },
  "leatherColored": {
    "enabled": false,
    "colors": [
      "#FFFFFF"
    ]
  },
  "licensePlate": {
    "style": "New Russia",
    "paramStyle": "With Flag",
    "paramPrefix": "K",
    "paramPostfix": "PA",
    "paramNumber": "1",
    "paramRegion": "777"
  },
  "windows": {
    "alpha": 0.23,
    "enabled": false,
    "colors": [
      "#293437"
    ]
  }
}