{
  "01M5_e60_paint": {
    "complex": false,
    "reflection": 1.0,
    "gloss": 1.0,
    "specular": 1.0,
    "color": "#FFFFFFFF",
    "flakes": 0.777,
    "enabled": true
  },
  "02Rims_paint": {
    "complex": false,
    "reflection": 1.0,
    "gloss": 1.0,
    "specular": 1.0,
    "color": "#FFFFFFFF",
    "flakes": 0.777,
    "enabled": true
  },
  "03Caliper": {
    "enabled": false,
    "colors": [
      "#FFFFFF"
    ]
  },
  "04Windows": {
    "alpha": 0.0,
    "enabled": false,
    "colors": [
      "#293437"
    ]
  },
  "05Headlights": {
    "alpha": 0.0,
    "enabled": false,
    "colors": [
      "#293437"
    ]
  },
  "06Taillights": {
    "alpha": 0.0,
    "enabled": false,
    "colors": [
      "#293437"
    ]
  },
  "07StyleOfTheButton": {
    "enabled": false,
    "value": "black"
  },
  "09LeatherTopDash": {
    "enabled": false,
    "colors": [
      "#FFFFFF"
    ]
  },
  "10LeatherBottomDash": {
    "enabled": false,
    "colors": [
      "#FFFFFF"
    ]
  },
  "11RoofCarpet": {
    "enabled": false,
    "colors": [
      "#FFFFFF"
    ]
  },
  "12GaugeFace": {
    "enabled": false,
    "colors": [
      "#282828"
    ]
  },
  "13GaugeNeedles": {
    "enabled": true,
    "colors": [
      "#870000"
    ]
  },
  "14GaugeNumbers": {
    "enabled": false,
    "value": "mphGauges"
  }
}