{"UserDefinedValues":{"CAR_PAINT":null,"STICKER_MESHES":null,"INTERIOR_MESHES":null,"REMOVE_COMPLETELY":null,"LESS_IMPORTANT":null,"MORE_IMPORTANT":null},"Stages":{"CockpitLr":"{\"isActive\":true,\"trianglesCount\":8000,\"applyWeldingFix\":true,\"mergeExceptions\":\"$Lights\\n$Mirrors\\nDAMAGE_GLASS_*\\n*DOOR*\",\"mergeParents\":\"COCKPIT_HR\\nSTEER_HR\",\"mergeAsBlack\":\"\",\"elementsToRemove\":\"$AnalogInstruments\\n$BrokenGlass\\n$ExtraRotating\\n$LightAnimation\\n$RemoveCompletely\\n$TransparentMeshes\\nCOCKPIT_LR\\naabbSize<0.05\",\"elementsPriorities\":\"$MoreImportantMeshes = 1.5\\n$LessImportantMeshes = 0.5\\nSTEER_HR = 1.5\\naabbRelMaxY<0.6 = 0.5\",\"keepTemporaryFiles\":false}","LodB":"{\"isActive\":true,\"trianglesCount\":40000,\"applyWeldingFix\":true,\"mergeExceptions\":\"$Lights\\n$Mirrors\\n$GlowingBrakeDiscs\\nDAMAGE_GLASS_*\\n*STEER_HR*\\n*WING*\\n*DOOR*\\n*Wiper*\\n*hood*\\n*trunk*\\n*light*\\n*ROOF*\\n\\n\",\"mergeParents\":\"$RimsAll\\n$ExtraRotating\\n$LightAnimation\\n$VisualDamage\\n$Wheels\\nREAR_AXLE\\nCOCKPIT_HR\",\"mergeAsBlack\":\"\",\"elementsToRemove\":\"$InteriorMeshes & ( $ExtraRotating, $LightAnimation, $Mirrors, $TransparentMeshes )\\n$RemoveCompletely\\nCOCKPIT_LR\\naabbSize<0.05\",\"emptyNodesToKeep\":\"$ImportantNodes\",\"elementsPriorities\":\"$LessImportantMeshes = 0.2\\n$MoreImportantMeshes = 1.2\\n$InteriorMeshes = 0.2\\n$CarPaint, $Stickers = 1.2\\n$Brakes = 0.2\\n$SuspensionMeshes = 0.2\\n*light* = 3\\n*plate* = 2\",\"offsetsAlongNormal\":\"$Stickers = 0.005\",\"keepTemporaryFiles\":false}","LodC":"{\"isActive\":true,\"trianglesCount\":18000,\"applyWeldingFix\":true,\"mergeExceptions\":\"$Lights\\r\\n*Wiper*\\r\\n*WING*\\r\\n*Rear_Cawl*\\r\\n*DOOR*\\r\\n*hood*\\r\\n*trunk*\\r\\n*light*\\r\\n*ROOF*\",\"mergeParents\":\"$LightAnimation\\n$Wheels\\nREAR_AXLE\\nCOCKPIT_HR\",\"mergeAsBlack\":\"$BottomMeshes\",\"elementsToRemove\":\"$AnalogInstruments\\n$RimsBlurred\\n$Brakes\\n$BrokenGlass\\n$ExtraRotating\\n$InteriorExtras\\n$RemoveCompletely\\n$BrakesMeshes\\n$SuspensionMeshes\\n$InteriorMeshes & ( $ExtraRotating, $Lights, $LightAnimation, $Mirrors, $TransparentMeshes )\\nCOCKPIT_LR\\naabbSize<0.1\",\"emptyNodesToKeep\":\"$ImportantNodes\",\"elementsPriorities\":\"$LessImportantMeshes = 0.1\\n$MoreImportantMeshes = 1.2\\n$InteriorMeshes = 0.1\\n$CarPaint, $Stickers = 1.2\\n$BottomMeshes = 0.1\\n*light* = 3\\n*plate* = 2\",\"offsetsAlongNormal\":\"$Stickers = 0.01\",\"keepTemporaryFiles\":false}","LodD":"{\"isActive\":true,\"trianglesCount\":4000,\"applyWeldingFix\":true,\"mergeExceptions\":\"\",\"mergeParents\":\"\",\"mergeAsBlack\":\"$InteriorMeshes \",\"elementsToRemove\":\"$AnalogInstruments\\n$Brakes\\n$BrakesMeshes\\n$BrokenGlass\\n$ExtraRotating\\n$InteriorExtras\\n$LicensePlate\\n$RemoveCompletely\\n$RimsBlurred\\n$SuspensionMeshes\\n$TransparentMeshes\\nCOCKPIT_LR\\nREAR_AXLE\\nactive:no\\nmaterialBlendMode:alphaTest\\n$InteriorMeshes & ( $ExtraRotating, $Lights, $LightAnimation, $Mirrors, aabbRelMaxY > 0.95 )\\n$BottomMeshes\\naabbSize<0.15\",\"emptyNodesToKeep\":\"$ImportantNodes\",\"elementsPriorities\":\"$LessImportantMeshes = 0.1\\n$MoreImportantMeshes = 1.2\\n$InteriorMeshes = 0.1\\n$CarPaint, $Stickers = 1.2\\n$Tyres = 0.5\\n* = 0.2\",\"offsetsAlongNormal\":\"$Stickers = 0.02\",\"keepTemporaryFiles\":false}"}}