{
  "faz_m5_e60": [ 
   { 
  "type": "carPaint", 
  "name": "01. M5_E60_Paint",
  "texture": "carpaint_map.dds",
  "mapsTexture": "carpaint_map.dds", 
  "mapsAutoLevel": true, 
  "defaultColor": "#FFFFFF" 
},

   { 
  "type": "carPaint", 
  "name": "02. Rims_Paint",
  "texture": "wheel_lod0_a.dds", 
  "mapsTexture": "wheel_lod0_a.dds", 
  "mapsAutoLevel": true, 
  "defaultColor": "#FFFFFF" 
},


{ 
  "type": "color",
  "name": "03. Caliper",
  "texture": "Caliper_Detail.dds",
  "autoLevel": true,
  "defaultColor": "#FFFFFF"
},


{
  "type": "tintedWindow",
  "name": "04. Windows",
  "texture": "glass.dds",
  "defaultOpacity": 0.0, 
  "fixedColor": false
},

{
  "type": "tintedWindow",
  "name": "05. Headlights",
  "texture": "ext_glass.dds",
  "defaultOpacity": 0.0, 
  "fixedColor": false
},

{
  "type": "tintedWindow",
  "name": "06. Taillights",
  "texture": "E60_lights_lod0_red.dds",
  "defaultOpacity": 0.0, 
  "fixedColor": false
},


{ 
  "type": "replacement",
  "name": "07. Style of the button",
  "texture": "plasticbar.dds",
  "candidates": {
			
  "Black": "./cm_paintshop/4ernoe.dds",
  "Cavlar Carbon Style": "./cm_paintshop/carbon.dds",
  "Silver": "./cm_paintshop/silver.dds",
  "Вark Wood": "./cm_paintshop/temnoe_derevo.dds",
  "Wood": "./cm_paintshop/derevo.dds",
		} },


{ 
  "type": "color",
  "name": "09. Leather Top Dash",
  "texture": "leather_1.dds",
  "autoLevel": true,
  "defaultColor": "#FFFFFF"
},

{ 
  "type": "color",
  "name": "10. Leather Bottom Dash",
  "texture": "leather_2.dds",
  "autoLevel": true,
  "defaultColor": "#FFFFFF"
},




{ 
  "type": "color",
  "name": "11. Roof Carpet",
  "texture": "alcnt2.dds",
  "autoLevel": true,
  "defaultColor": "#FFFFFF"
},

{ 
  "type": "color",
  "name": "12. Gauge Face",
  "texture": "Gauges_Color.dds",
  "autoLevel": true,
  "defaultColor": "#282828"
},

{ 
  "type": "color",
  "name": "13. Gauge Needles",
  "texture": "Needles_Color.png",
  "autoLevel": true,
  "defaultColor": "#870000"
},

{ 
  "type": "replacement",
  "name": "14. Gauge Numbers",
  "texture":  "Emissive_Cluster_KMH.png" ,
  "candidates": {
			
  "MPH Gauges": "./cm_paintshop/Emissive_Cluster_MPH.png",
  "KMH Gauges Style1": "./cm_paintshop/Emissive_Cluster_KMH.png",
		} },


  ],
}





