{
  "name": "BMW M5 E60 mrazota",
  "brand": "Old pack Fertt0",
  "description": "base- fazani 1.0<br>eblan- я<br><br>thx 2 hestomorphin and by.morphius<br><br><br><br>extra_a= angel eyes<br>extra_b= analog instrument<br>extra_c=aby bandit v gorode<br>extra_d= hide plates",
  "tags": [
    "нас",
    "ебут",
    "а",
    "мы",
    "крепчаем"
  ],
  "class": "street",
  "specs": {
    "bhp": "507л.с.",
    "torque": "520Нм",
    "weight": "1830 kg",
    "topspeed": "250 km/h",
    "acceleration": "0 - 100 kph in 4.7 s",
    "pwratio": "3.61кг/л.с."
  },
  "torqueCurve": [
    [
      0.0,
      52.8735632183908
    ],
    [
      82.5,
      52.8735632183908
    ],
    [
      165.0,
      52.8735632183908
    ],
    [
      247.5,
      52.8735632183908
    ],
    [
      250.0,
      52.8735632183908
    ],
    [
      500.0,
      105.747126436782
    ],
    [
      750.0,
      171.264367816092
    ],
    [
      1000.0,
      224.137931034483
    ],
    [
      1250.0,
      290.804597701149
    ],
    [
      1500.0,
      336.781609195402
    ],
    [
      1750.0,
      370.114942528736
    ],
    [
      2000.0,
      393.103448275862
    ],
    [
      2500.0,
      427.586206896552
    ],
    [
      2750.0,
      439.080459770115
    ],
    [
      3000.0,
      449.425287356322
    ],
    [
      3250.0,
      460.919540229885
    ],
    [
      3500.0,
      465.51724137931
    ],
    [
      3750.0,
      471.264367816092
    ],
    [
      4000.0,
      478.16091954023
    ],
    [
      4250.0,
      483.908045977011
    ],
    [
      4750.0,
      490.804597701149
    ],
    [
      5000.0,
      495.402298850575
    ],
    [
      5250.0,
      501.149425287356
    ],
    [
      5500.0,
      511.494252873563
    ],
    [
      5750.0,
      514.942528735632
    ],
    [
      6000.0,
      519.540229885057
    ],
    [
      6250.0,
      514.942528735632
    ],
    [
      6500.0,
      505.747126436782
    ],
    [
      6750.0,
      500.0
    ],
    [
      7000.0,
      489.655172413793
    ],
    [
      7250.0,
      482.758620689655
    ],
    [
      7500.0,
      472.413793103448
    ],
    [
      7750.0,
      465.51724137931
    ],
    [
      8000.0,
      432.183908045977
    ],
    [
      8250.0,
      395.402298850575
    ]
  ],
  "powerCurve": [
    [
      0.0,
      0.0
    ],
    [
      250.0,
      1.85637472826187
    ],
    [
      330.0,
      3.23454732652347
    ],
    [
      412.5,
      5.05398019769293
    ],
    [
      495.0,
      7.27773148467782
    ],
    [
      500.0,
      7.42549891304746
    ],
    [
      577.5,
      10.223689217304
    ],
    [
      660.0,
      13.6882292658675
    ],
    [
      825.0,
      21.6808425872044
    ],
    [
      907.5,
      26.0726781329098
    ],
    [
      1000.0,
      31.4776584357447
    ],
    [
      1072.5,
      36.6717868542269
    ],
    [
      1155.0,
      43.0612430314314
    ],
    [
      1250.0,
      51.0503050272013
    ],
    [
      1402.5,
      62.8025291601589
    ],
    [
      1500.0,
      70.9457993974861
    ],
    [
      3217.5,
      207.596731266658
    ],
    [
      3250.0,
      210.375683878894
    ],
    [
      5000.0,
      347.868481687332
    ],
    [
      5250.0,
      369.499282868818
    ],
    [
      5500.0,
      395.084969340949
    ],
    [
      6000.0,
      437.781588090972
    ],
    [
      6250.0,
      451.986890359411
    ],
    [
      6500.0,
      461.672323724255
    ],
    [
      6750.0,
      473.980895292078
    ],
    [
      7000.0,
      481.366038232772
    ],
    [
      7250.0,
      491.535743265859
    ],
    [
      7500.0,
      497.589139118887
    ],
    [
      7750.0,
      506.669232898429
    ],
    [
      8000.0,
      485.563059357538
    ],
    [
      8250.0,
      458.120998157146
    ]
  ],
  "year": 2005,
  "country": "Germany",
  "author": "SameR",
  "url": null,
  "version": "1.0"
}